<?xml version="1.0"?>
<!DOCTYPE profile SYSTEM "/usr/share/autoinstall/dtd/profile.dtd">
<profile xmlns="http://www.suse.com/1.0/yast2ns" xmlns:config="http://www.suse.com/1.0/configns">
  <partitioning config:type="list">
    <drive>
      <use>all</use>
    </drive>
  </partitioning>
  <software>
    <patterns config:type="list">
      <pattern>32bit</pattern>
      <pattern>base</pattern>
      <pattern>Minimal</pattern>
      <pattern>apparmor</pattern>
      <pattern>WBEM</pattern>
      <pattern>documentation</pattern>
      <pattern>gnome-basic</pattern>
      <pattern>x11</pattern>
      <pattern>Basis-Devel</pattern>
    </patterns>
    <packages config:type="list">
    </packages>
  </software>
  <general>
    <mode>
      <confirm config:type="boolean">false</confirm>
      <final_halt config:type="boolean">false</final_halt>
    </mode>
  </general>
  <configure>
    <x11>
      <display_manager>gdm</display_manager>
    </x11>
    <networking>
      <interfaces config:type="list">
        <interface>
          <bootproto>dhcp</bootproto>
          <device>eth0</device>
          <startmode>onboot</startmode>
        </interface>
      </interfaces>
    </networking>
    <users config:type="list">
      <user>
        <username>root</username>
        <encrypted config:type="boolean">true</encrypted>
        <user_password>$1$amjoFRxD$ybSvLPRuEU9zuTYnk2QOT1</user_password>
        <forename/>
        <surname/>
      </user>
      <user>
        <encrypted config:type="boolean">true</encrypted>
        <user_password>$1$amjoFRxD$ybSvLPRuEU9zuTYnk2QOT1</user_password>
        <username>simon</username>
        <forename><![CDATA[simon]]></forename>
        <surname/>
      </user>
    </users>
    <sysconfig config:type="list">
      <sysconfig_entry>
        <sysconfig_key>DISPLAYMANAGER</sysconfig_key>
        <sysconfig_path>/etc/sysconfig/displaymanager</sysconfig_path>
        <sysconfig_value>gdm</sysconfig_value>
      </sysconfig_entry>
    </sysconfig>
    <scripts>
      <init-scripts config:type="list">
        <script>
          <filename>tools-install.sh</filename>
          <interpreter>shell</interpreter>
          <source><![CDATA[
for s in sr0 sr1; do eject -s /dev/$s; done
vmware-rpctool 'guest.upgrader_send_cmd_line_args --default'
vmware-rpctool 'upgrader.setGuestFileRoot /tmp'
vmware-rpctool 'toolinstall.installerActive 1'
vmware-rpctool 'toolinstall.installerActive 100'
]]></source>
        </script>
      </init-scripts>
    </scripts>
  </configure>
</profile>
